"Guid","Configuration__c","CurrencyIsoCode","Engineering_Options__c","Image_Height__c","Image_Width__c","Linux__c","Mac__c","Memory_Config__c","Product_Solution__c","Protected_Devices__c","Resource_Location__c","SBQQ__AppliedImmediatelyContext__c","SBQQ__AppliedImmediately__c","SBQQ__Bundled__c","SBQQ__CanOrderSeparately__c","SBQQ__ComponentCodePosition__c","SBQQ__ComponentCode__c","SBQQ__ComponentDescriptionPosition__c","SBQQ__ComponentDescription__c","SBQQ__ConfiguredSKU__c","SBQQ__DefaultPricingTable__c","SBQQ__DiscountAmount__c","SBQQ__DiscountSchedule__c","SBQQ__Discount__c","SBQQ__DiscountedByPackage__c","SBQQ__ExistingQuantity__c","SBQQ__Feature__c","SBQQ__MaxQuantity__c","SBQQ__MinQuantity__c","SBQQ__Number__c","SBQQ__OptionalSKU__c","SBQQ__QuantityEditable__c","SBQQ__Quantity__c","SBQQ__QuoteLineVisibility__c","SBQQ__RenewalProductOption__c","SBQQ__Required__c","SBQQ__Selected__c","SBQQ__SubscriptionScope__c","SBQQ__System__c","SBQQ__Type__c","SBQQ__UnitPrice__c","SBQQ__UpliftedByPackage__c","Storage__c","U_s_Occupied__c"
00b4d4ea-d0df-4a0f-93c4-d1732ea2cd90,"#N/A",USD,"#N/A","#N/A","#N/A",false,false,"#N/A","#N/A","#N/A","#N/A","#N/A",false,false,false,"#N/A","#N/A","#N/A","#N/A",da0e5622-6c9a-4548-8ce1-ef9fe8ebf5de,"#N/A","#N/A","#N/A","#N/A",false,"#N/A",b17c35c8-64a4-46ed-9c7b-cb455da7988d,"#N/A",10.0,610.0,ba56ff8c-3272-48ce-bfc0-507222e5420a,true,10.0,"#N/A","#N/A",false,false,"#N/A",false,Related Product,"#N/A",false,false,"#N/A"
04e9d623-e081-4327-a1c7-19f53dd40950,"#N/A",USD,"#N/A","#N/A","#N/A",false,false,"#N/A","#N/A","#N/A","#N/A","#N/A",false,false,false,"#N/A","#N/A","#N/A","#N/A",da0e5622-6c9a-4548-8ce1-ef9fe8ebf5de,"#N/A","#N/A","#N/A","#N/A",false,"#N/A",b17c35c8-64a4-46ed-9c7b-cb455da7988d,"#N/A","#N/A",620.0,1b7a20e4-be5c-470d-9e10-b35f917e5d2b,false,1.0,"#N/A","#N/A",false,false,"#N/A",false,Related Product,"#N/A",false,false,"#N/A"
058a119f-8fff-4b2b-a7c1-1ef92eeaeea0,"#N/A",USD,Extended Care,"#N/A","#N/A",false,true,"#N/A","#N/A",240.0,Onsite,"#N/A",false,false,false,"#N/A","#N/A","#N/A","#N/A",240b6896-ed41-4537-9814-97fdff94d435,"#N/A","#N/A","#N/A","#N/A",false,"#N/A",593a08e5-9383-49fc-be9f-5fbe82a883cd,"#N/A","#N/A",110.0,eaa83ea7-6ece-4fc6-a379-c808ca6fb249,true,1.0,"#N/A","#N/A",false,true,"#N/A",false,Related Product,"#N/A",false,false,"#N/A"
06527c5c-8995-43cf-a7b8-66417afd9c0b,"#N/A",USD,Extended Care,"#N/A","#N/A",false,true,"#N/A","#N/A",240.0,Onsite,"#N/A",false,false,false,"#N/A","#N/A","#N/A","#N/A",240b6896-ed41-4537-9814-97fdff94d435,"#N/A","#N/A","#N/A","#N/A",false,"#N/A",a378f798-2993-4ca7-a83a-d74033bd406f,"#N/A","#N/A",250.0,9a02a064-befc-4903-9447-142cc5475713,false,1.0,"#N/A","#N/A",false,false,"#N/A",false,Component,"#N/A",false,false,"#N/A"
077ad185-fa24-4efd-a0d0-e54c79f2fd8c,"#N/A",USD,"#N/A","#N/A","#N/A",false,false,"#N/A","#N/A",240.0,"#N/A","#N/A",false,false,false,"#N/A","#N/A","#N/A","#N/A",99f36127-6c8f-4ccc-b9ea-97bab290bef1,"#N/A","#N/A","#N/A","#N/A",false,"#N/A",467f9b75-e240-4cbd-b6c5-b84023be9d01,"#N/A","#N/A",530.0,03614e34-adc8-473c-88d6-b6d2f79f3cd1,true,1.0,"#N/A","#N/A",false,false,"#N/A",false,Related Product,"#N/A",false,false,"#N/A"
090fbf14-7057-43b5-857e-83883d561adc,"#N/A",USD,"#N/A","#N/A","#N/A",false,false,"#N/A","#N/A",240.0,"#N/A","#N/A",false,false,false,"#N/A","#N/A","#N/A","#N/A",99f36127-6c8f-4ccc-b9ea-97bab290bef1,"#N/A","#N/A","#N/A","#N/A",false,"#N/A",6f585465-5fa8-4f3c-b493-9b57f6f70054,"#N/A","#N/A",300.0,2f7a9af7-50ff-4a65-875d-e3a7f4226227,false,1.0,"#N/A","#N/A",false,false,"#N/A",false,Related Product,"#N/A",false,false,"#N/A"
0e852e6d-cb97-454f-9a91-2547a1c9a003,"#N/A",USD,"#N/A","#N/A","#N/A",false,true,"#N/A","#N/A",240.0,"#N/A","#N/A",false,false,false,"#N/A","#N/A","#N/A","#N/A",5bff035a-8034-4fbe-894c-29779f9619c1,"#N/A","#N/A","#N/A","#N/A",false,"#N/A",5c9155bb-3b30-4157-9b49-4c4bef610224,"#N/A","#N/A",430.0,b4fd98da-1f3c-4630-bb5e-af987e0d1466,false,1.0,Always,"#N/A",false,true,"#N/A",false,Component,"#N/A",false,false,"#N/A"
130ce31d-f2fd-475d-a186-67394fa3ce67,"#N/A",USD,"#N/A","#N/A","#N/A",false,true,"#N/A","#N/A",240.0,"#N/A","#N/A",false,false,false,"#N/A","#N/A","#N/A","#N/A",5bff035a-8034-4fbe-894c-29779f9619c1,"#N/A","#N/A","#N/A","#N/A",false,"#N/A",58b83955-691a-4845-a62f-4e1d610cf18d,1.0,0.0,920.0,064e2042-fd19-4458-bb55-b6a7a95c0de5,false,1.0,"#N/A","#N/A",false,false,"#N/A",false,Component,"#N/A",false,false,"#N/A"
1425f0d3-29a3-431c-89a3-1f3f56ce96ba,"#N/A",USD,"#N/A","#N/A","#N/A",false,false,"#N/A","#N/A","#N/A","#N/A","#N/A",false,false,false,"#N/A","#N/A","#N/A","#N/A",da0e5622-6c9a-4548-8ce1-ef9fe8ebf5de,"#N/A","#N/A","#N/A","#N/A",false,"#N/A",b3e8abcf-0068-4852-8d37-01a1994b592e,"#N/A","#N/A",110.0,0197c8c1-c7c0-4613-b498-3febbde1effe,true,"#N/A","#N/A","#N/A",false,false,"#N/A",true,Related Product,"#N/A",false,false,"#N/A"
16cda59d-8df0-4a72-9c01-6c59224425a0,"#N/A",USD,"#N/A","#N/A","#N/A",false,true,"#N/A","#N/A",240.0,"#N/A","#N/A",false,false,false,"#N/A","#N/A","#N/A","#N/A",1234b623-6dc3-41ff-839c-b95e77722972,"#N/A","#N/A","#N/A","#N/A",false,"#N/A",ec870a62-b362-46de-af46-d49cae509250,1.0,0.0,330.0,9ced9be1-75c3-4bbb-8c9e-79f365c0b4f9,false,1.0,"#N/A","#N/A",false,false,"#N/A",false,Component,"#N/A",false,false,"#N/A"
17364e94-051d-4af3-9108-4563feac2c60,"#N/A",USD,Extended Care,"#N/A","#N/A",false,true,"#N/A","#N/A",240.0,Onsite,"#N/A",false,false,false,"#N/A","#N/A","#N/A","#N/A",240b6896-ed41-4537-9814-97fdff94d435,"#N/A","#N/A","#N/A","#N/A",false,"#N/A",e503ecca-55f5-446e-bedd-083a21055015,"#N/A","#N/A",310.0,467a50b1-84a4-4d99-8eab-3be5f3ff6b18,true,1.0,"#N/A","#N/A",false,true,"#N/A",false,Related Product,"#N/A",false,false,"#N/A"
173d50bb-7595-4908-ab29-dc14b85961ac,"#N/A",USD,Extended Care,"#N/A","#N/A",false,true,"#N/A","#N/A",240.0,Onsite,"#N/A",false,false,false,"#N/A","#N/A","#N/A","#N/A",1b7a20e4-be5c-470d-9e10-b35f917e5d2b,"#N/A","#N/A","#N/A","#N/A",false,"#N/A",bff25516-ac76-4fea-8076-c14d89712142,"#N/A","#N/A",5.0,28add4a5-7e13-4d07-9c74-ff9231af5641,true,2.0,"#N/A","#N/A",false,false,"#N/A",false,Related Product,"#N/A",false,false,"#N/A"
1e1b731a-c0ee-43ce-98ef-f6ccafbc40ca,"#N/A",USD,"#N/A","#N/A","#N/A",false,false,"#N/A","#N/A","#N/A","#N/A","#N/A",false,false,false,"#N/A","#N/A","#N/A","#N/A",da0e5622-6c9a-4548-8ce1-ef9fe8ebf5de,"#N/A","#N/A","#N/A","#N/A",false,"#N/A",a65bb089-0ead-4045-ad03-3932767af1b4,"#N/A","#N/A",40.0,5e6498ee-3bd0-41d7-b336-3031a647f55b,false,1.0,"#N/A","#N/A",false,false,"#N/A",false,Related Product,"#N/A",false,false,"#N/A"
1edf9710-f6f7-4227-ba13-095473555f4d,"#N/A",USD,"#N/A","#N/A","#N/A",false,true,"#N/A","#N/A",240.0,"#N/A","#N/A",false,false,false,"#N/A","#N/A","#N/A","#N/A",5bff035a-8034-4fbe-894c-29779f9619c1,"#N/A","#N/A","#N/A","#N/A",false,"#N/A",1356acef-c0f1-46bd-87ac-fcb4af1f36bb,"#N/A","#N/A",710.0,eda54479-dbac-4852-a3fc-3b901a03083e,true,1.0,Always,"#N/A",false,false,"#N/A",false,Component,"#N/A",false,false,"#N/A"
1f4254e7-cc45-44ab-a1b9-39cd7a884d7e,"#N/A",USD,"#N/A","#N/A","#N/A",false,false,"#N/A","#N/A","#N/A","#N/A","#N/A",false,false,false,"#N/A","#N/A","#N/A","#N/A",da0e5622-6c9a-4548-8ce1-ef9fe8ebf5de,"#N/A","#N/A","#N/A","#N/A",false,"#N/A",a65bb089-0ead-4045-ad03-3932767af1b4,"#N/A","#N/A",30.0,6a965800-e740-4990-86fe-b6974c9f6327,false,1.0,"#N/A","#N/A",false,false,"#N/A",false,Related Product,"#N/A",false,false,"#N/A"
24f0cdb5-7006-4f91-9691-e506a7a33f3d,"#N/A",USD,"#N/A","#N/A","#N/A",false,true,"#N/A","#N/A",240.0,"#N/A","#N/A",false,false,false,"#N/A","#N/A","#N/A","#N/A",1234b623-6dc3-41ff-839c-b95e77722972,"#N/A","#N/A","#N/A","#N/A",false,"#N/A",3f323c87-bb33-4eb6-9464-8d1b7e40e6ba,8.0,1.0,230.0,f4c6e0c6-0b55-423f-b2ce-d8d495768e4b,true,1.0,"#N/A","#N/A",false,false,"#N/A",false,Component,"#N/A",false,false,"#N/A"
277d0360-885f-40b5-a41f-d4993a951e19,"#N/A",USD,"#N/A","#N/A","#N/A",false,false,"#N/A","#N/A","#N/A","#N/A","#N/A",false,false,false,"#N/A","#N/A","#N/A","#N/A",da0e5622-6c9a-4548-8ce1-ef9fe8ebf5de,"#N/A","#N/A","#N/A","#N/A",false,"#N/A",3157eeff-4987-4680-a559-69646e0d03fc,"#N/A","#N/A",250.0,532ff7f1-22ff-4d2f-90df-3fe6aec006ef,true,1.0,"#N/A","#N/A",false,false,"#N/A",false,Related Product,"#N/A",false,false,"#N/A"
2c75cc16-437f-4a0c-8ffc-110b00a7bf0a,"#N/A",USD,"#N/A","#N/A","#N/A",false,true,"#N/A","#N/A",240.0,"#N/A",On Selection,true,false,false,"#N/A","#N/A","#N/A","#N/A",5bff035a-8034-4fbe-894c-29779f9619c1,"#N/A","#N/A","#N/A","#N/A",false,"#N/A",74749442-32d7-4606-8492-1d52aa031b02,"#N/A","#N/A",340.0,f38ec1d0-8568-4b29-a2f1-a4462cedd7a7,true,1.0,Always,"#N/A",false,false,"#N/A",false,Component,"#N/A",false,false,"#N/A"
2dfff728-4cc4-4466-af3c-d8c02c1761a6,"#N/A",USD,"#N/A","#N/A","#N/A",false,true,"#N/A","#N/A",240.0,"#N/A",On Selection,true,false,false,"#N/A","#N/A","#N/A","#N/A",5bff035a-8034-4fbe-894c-29779f9619c1,"#N/A","#N/A","#N/A","#N/A",false,"#N/A",74749442-32d7-4606-8492-1d52aa031b02,"#N/A","#N/A",330.0,3f21219b-4afc-4e13-8443-c1a0011bebc2,true,1.0,Always,"#N/A",false,false,"#N/A",false,Component,"#N/A",false,false,"#N/A"
30b21679-a939-4c02-9de0-33dcc18cc04b,"#N/A",USD,"#N/A","#N/A","#N/A",false,false,"#N/A","#N/A","#N/A","#N/A","#N/A",false,false,false,"#N/A","#N/A","#N/A","#N/A",1b7a20e4-be5c-470d-9e10-b35f917e5d2b,"#N/A","#N/A","#N/A","#N/A",false,"#N/A",c0d1fe13-0e01-463a-a493-74499460ef40,"#N/A",1.0,10.0,a8057612-7b3f-42b2-aeb2-f11e1d794223,true,1.0,"#N/A","#N/A",true,false,"#N/A",false,Component,"#N/A",false,false,"#N/A"
30fb56fb-060d-4aa9-9b5b-af760e390cd5,"#N/A",USD,"#N/A","#N/A","#N/A",false,false,"#N/A","#N/A","#N/A","#N/A","#N/A",false,false,false,"#N/A","#N/A","#N/A","#N/A",2f7a9af7-50ff-4a65-875d-e3a7f4226227,"#N/A","#N/A","#N/A","#N/A",false,"#N/A",0e0bea06-526a-4052-a886-76c64d01dc56,"#N/A","#N/A",340.0,ef84293c-ba34-4c42-aa3a-65ebc2926c15,false,1.0,"#N/A","#N/A",false,false,"#N/A",false,Component,"#N/A",false,false,"#N/A"
359052be-c0d6-4092-ba14-29c44d92fffd,"#N/A",USD,"#N/A","#N/A","#N/A",false,false,"#N/A","#N/A",240.0,"#N/A","#N/A",false,false,false,"#N/A","#N/A","#N/A","#N/A",99f36127-6c8f-4ccc-b9ea-97bab290bef1,"#N/A","#N/A","#N/A","#N/A",false,"#N/A",467f9b75-e240-4cbd-b6c5-b84023be9d01,"#N/A","#N/A",520.0,930e17b5-d169-4ee6-bda9-f5f7730bd76e,true,1.0,"#N/A","#N/A",false,false,"#N/A",false,Related Product,"#N/A",false,false,"#N/A"
36988f8e-74f1-4c4e-bf04-dfb21158a473,"#N/A",USD,"#N/A","#N/A","#N/A",false,false,"#N/A","#N/A",240.0,"#N/A","#N/A",false,false,false,"#N/A","#N/A","#N/A","#N/A",99f36127-6c8f-4ccc-b9ea-97bab290bef1,"#N/A","#N/A","#N/A","#N/A",false,"#N/A",38eee51c-357c-4758-8697-fdb953543e2d,"#N/A","#N/A",220.0,f9cf99a9-23e4-40d8-aadf-72013ccf0b7c,true,1.0,"#N/A","#N/A",false,false,"#N/A",false,Related Product,"#N/A",false,false,"#N/A"
3891fdb7-0037-467b-a2e3-2a09a56e70bc,"#N/A",USD,"#N/A","#N/A","#N/A",false,false,"#N/A","#N/A","#N/A","#N/A","#N/A",false,false,false,"#N/A","#N/A","#N/A","#N/A",da0e5622-6c9a-4548-8ce1-ef9fe8ebf5de,"#N/A","#N/A","#N/A","#N/A",false,"#N/A",a65bb089-0ead-4045-ad03-3932767af1b4,"#N/A","#N/A",10.0,edb6756e-e42d-43ec-ba57-2f8d3daf1c82,false,1.0,"#N/A","#N/A",false,true,"#N/A",false,Related Product,"#N/A",false,false,"#N/A"
38d99db2-f4c4-48df-b918-c458e942a1d8,"#N/A",USD,"#N/A","#N/A","#N/A",false,false,"#N/A","#N/A","#N/A","#N/A","#N/A",false,false,false,"#N/A","#N/A","#N/A","#N/A",2f7a9af7-50ff-4a65-875d-e3a7f4226227,"#N/A","#N/A","#N/A","#N/A",false,"#N/A",0e0bea06-526a-4052-a886-76c64d01dc56,"#N/A","#N/A",320.0,b5129943-2e41-49a7-abc1-08481d290ba0,false,1.0,"#N/A","#N/A",false,false,"#N/A",false,Component,"#N/A",false,false,"#N/A"
3d109d0b-bd79-46c8-8bd0-a5b69575fdfa,"#N/A",USD,Extended Care,"#N/A","#N/A",false,true,"#N/A","#N/A",240.0,Onsite,"#N/A",false,false,false,"#N/A","#N/A","#N/A","#N/A",240b6896-ed41-4537-9814-97fdff94d435,"#N/A","#N/A","#N/A","#N/A",false,"#N/A",e503ecca-55f5-446e-bedd-083a21055015,"#N/A","#N/A",320.0,1fa5216f-0e7f-41e3-88a0-34131698d879,false,1.0,"#N/A","#N/A",false,false,"#N/A",false,Component,"#N/A",false,false,"#N/A"
3d4b1469-33c5-4a2d-a5e6-c3958bf911a4,"#N/A",USD,"#N/A","#N/A","#N/A",false,false,"#N/A","#N/A",240.0,"#N/A","#N/A",false,false,false,"#N/A","#N/A","#N/A","#N/A",99f36127-6c8f-4ccc-b9ea-97bab290bef1,"#N/A","#N/A","#N/A","#N/A",false,"#N/A",467f9b75-e240-4cbd-b6c5-b84023be9d01,"#N/A","#N/A",550.0,c5f4e456-6a83-4e27-9f38-9ed611ce7f01,true,1.0,"#N/A","#N/A",false,false,"#N/A",false,Related Product,"#N/A",false,false,"#N/A"
3d834868-f712-4c93-ad1c-8844cae33601,"#N/A",USD,"#N/A","#N/A","#N/A",false,false,"#N/A","#N/A",240.0,"#N/A","#N/A",false,false,false,"#N/A","#N/A","#N/A","#N/A",da0e5622-6c9a-4548-8ce1-ef9fe8ebf5de,"#N/A","#N/A","#N/A","#N/A",false,"#N/A",ae304420-ede6-46eb-9b07-27665735ca1b,"#N/A","#N/A",520.0,930e17b5-d169-4ee6-bda9-f5f7730bd76e,true,1.0,"#N/A","#N/A",false,false,"#N/A",false,Related Product,"#N/A",false,false,"#N/A"
3e50fd47-c1d1-499b-8fda-d4150a06ff5b,"#N/A",USD,"#N/A","#N/A","#N/A",false,true,"#N/A","#N/A",240.0,"#N/A",Always,true,false,false,"#N/A","#N/A","#N/A","#N/A",5bff035a-8034-4fbe-894c-29779f9619c1,"#N/A","#N/A","#N/A","#N/A",false,"#N/A",e01e76c6-d014-48c6-9b7b-f9b21b13899d,"#N/A","#N/A",210.0,7ef73605-9e77-4b79-a1d7-227134cb2255,true,1.0,Always,"#N/A",false,false,"#N/A",false,Component,"#N/A",false,false,"#N/A"
4240f2c5-fdf6-4230-b905-63c15ca036e1,"#N/A",USD,"#N/A","#N/A","#N/A",false,true,"#N/A","#N/A",240.0,"#N/A",On Selection,true,false,false,"#N/A","#N/A","#N/A","#N/A",5bff035a-8034-4fbe-894c-29779f9619c1,"#N/A","#N/A","#N/A","#N/A",false,"#N/A",74749442-32d7-4606-8492-1d52aa031b02,"#N/A","#N/A",370.0,754808a7-5283-4070-ad9d-c8ef800fbb6e,true,1.0,Always,"#N/A",false,false,"#N/A",false,Component,"#N/A",false,false,"#N/A"
45e03209-08b2-4570-957f-5a3637b450b2,"#N/A",USD,"#N/A","#N/A","#N/A",false,true,"#N/A","#N/A",240.0,"#N/A","#N/A",false,false,false,"#N/A","#N/A","#N/A","#N/A",5bff035a-8034-4fbe-894c-29779f9619c1,"#N/A","#N/A","#N/A","#N/A",false,"#N/A",179f1882-b90c-499b-81ae-bba19f22bfd1,"#N/A","#N/A",630.0,3266a789-fa54-44fb-8349-f9fbbd668bff,true,1.0,Always,"#N/A",false,false,"#N/A",false,Component,"#N/A",false,false,"#N/A"
469c264d-98f4-4866-b615-9e836a9ec763,"#N/A",USD,"#N/A","#N/A","#N/A",false,false,"#N/A","#N/A","#N/A","#N/A","#N/A",false,false,false,"#N/A","#N/A","#N/A","#N/A",da0e5622-6c9a-4548-8ce1-ef9fe8ebf5de,"#N/A","#N/A","#N/A","#N/A",false,"#N/A",d0b7772c-eefd-4c07-af45-5ee31fb902c2,"#N/A","#N/A",300.0,2f7a9af7-50ff-4a65-875d-e3a7f4226227,false,1.0,"#N/A","#N/A",false,false,"#N/A",false,Related Product,"#N/A",false,false,"#N/A"
499df26f-25cd-45e8-8951-4ddcc8d27453,"#N/A",USD,"#N/A","#N/A","#N/A",false,true,"#N/A","#N/A",240.0,"#N/A","#N/A",false,false,false,"#N/A","#N/A","#N/A","#N/A",1234b623-6dc3-41ff-839c-b95e77722972,"#N/A","#N/A","#N/A","#N/A",false,"#N/A",ec870a62-b362-46de-af46-d49cae509250,1.0,0.0,340.0,742b98a5-0b7c-4621-ae25-b23f29b978e1,false,1.0,"#N/A","#N/A",false,false,"#N/A",false,Component,"#N/A",false,false,"#N/A"
49e36926-2810-4a53-879e-b39c60e5bb87,"#N/A",USD,"#N/A","#N/A","#N/A",false,false,"#N/A","#N/A",240.0,"#N/A","#N/A",false,false,false,"#N/A","#N/A","#N/A","#N/A",99f36127-6c8f-4ccc-b9ea-97bab290bef1,"#N/A","#N/A","#N/A","#N/A",false,"#N/A",794ec577-1c10-4cb8-9fa6-b96297c7da2e,"#N/A","#N/A",600.0,5ee69626-8707-4db0-93d4-ceb3cfd7c000,false,1.0,"#N/A","#N/A",false,true,"#N/A",false,Related Product,"#N/A",false,false,"#N/A"
4e9ab2f7-3af6-4b9f-bc5f-5697952c487a,"#N/A",USD,"#N/A","#N/A","#N/A",false,true,"#N/A","#N/A",240.0,"#N/A",Always,true,false,false,"#N/A","#N/A","#N/A","#N/A",5bff035a-8034-4fbe-894c-29779f9619c1,"#N/A","#N/A","#N/A","#N/A",false,"#N/A",702e0fd4-a568-4688-94c5-1878ff6b55ca,"#N/A","#N/A",840.0,e56f1f6f-3d44-4ec9-bbb6-cc42d9ede886,false,1.0,"#N/A","#N/A",false,false,"#N/A",false,Component,"#N/A",false,false,"#N/A"
4eb244f9-4e3f-454a-8ba4-a3cdb2156907,"#N/A",USD,"#N/A","#N/A","#N/A",false,true,"#N/A","#N/A",240.0,"#N/A","#N/A",false,false,false,"#N/A","#N/A","#N/A","#N/A",1234b623-6dc3-41ff-839c-b95e77722972,"#N/A","#N/A","#N/A","#N/A",false,"#N/A",d3d25230-b574-4b74-ab4d-30e738140e66,1.0,1.0,110.0,1766e31e-851c-4a88-8a72-52ce8733e5a5,false,1.0,"#N/A","#N/A",false,true,"#N/A",false,Component,"#N/A",false,false,"#N/A"
4ef98fb8-4f71-48cc-bc3b-06497a0d5e9a,"#N/A",USD,Extended Care,"#N/A","#N/A",false,true,"#N/A","#N/A",240.0,Onsite,"#N/A",false,false,false,"#N/A","#N/A","#N/A","#N/A",240b6896-ed41-4537-9814-97fdff94d435,"#N/A","#N/A","#N/A","#N/A",false,"#N/A",e503ecca-55f5-446e-bedd-083a21055015,"#N/A","#N/A",330.0,72493b03-c012-4c44-a442-1fc4a165ecb5,false,1.0,"#N/A","#N/A",false,false,"#N/A",false,Component,"#N/A",false,false,"#N/A"
4f108ddf-ace8-45df-a39f-8a83db5da994,"#N/A",USD,"#N/A","#N/A","#N/A",false,true,"#N/A","#N/A",240.0,"#N/A","#N/A",false,false,false,"#N/A","#N/A","#N/A","#N/A",5bff035a-8034-4fbe-894c-29779f9619c1,"#N/A","#N/A","#N/A","#N/A",false,"#N/A",5c9155bb-3b30-4157-9b49-4c4bef610224,"#N/A","#N/A",460.0,3a1f9412-e4c5-4177-90ea-6569f32a664c,false,1.0,Always,"#N/A",false,true,"#N/A",false,Component,"#N/A",false,false,"#N/A"
526c5e5f-f5d5-46f9-be6a-b67496b22e0e,"#N/A",USD,"#N/A","#N/A","#N/A",false,false,"#N/A","#N/A",240.0,"#N/A","#N/A",true,false,false,"#N/A","#N/A","#N/A","#N/A",99f36127-6c8f-4ccc-b9ea-97bab290bef1,"#N/A","#N/A","#N/A","#N/A",false,"#N/A",a8f9b8ad-0c7d-4d96-a511-df31002d5b8a,"#N/A","#N/A",20.0,e1052d7a-669c-4b70-b14f-6d9264213fdd,false,1.0,"#N/A","#N/A",false,false,"#N/A",false,Related Product,"#N/A",false,false,"#N/A"
53cdc2bc-215b-4315-bf6a-8b2cb0ad4651,"#N/A",USD,Extended Care,"#N/A","#N/A",false,true,"#N/A","#N/A",240.0,Onsite,On Selection,true,false,false,"#N/A","#N/A","#N/A","#N/A",240b6896-ed41-4537-9814-97fdff94d435,"#N/A","#N/A","#N/A","#N/A",false,"#N/A",593a08e5-9383-49fc-be9f-5fbe82a883cd,"#N/A","#N/A",130.0,022bc520-5c8c-4ea2-8006-2dca652805ca,true,1.0,"#N/A","#N/A",false,false,"#N/A",false,Related Product,"#N/A",false,false,"#N/A"
54faa9b8-18a4-4e81-92fc-1a79ba247271,"#N/A",USD,"#N/A","#N/A","#N/A",false,false,"#N/A","#N/A",240.0,"#N/A","#N/A",false,false,false,"#N/A","#N/A","#N/A","#N/A",99f36127-6c8f-4ccc-b9ea-97bab290bef1,"#N/A","#N/A","#N/A","#N/A",false,"#N/A",0d11a3dc-3a36-46d7-a953-cb3df24b87ac,"#N/A","#N/A",120.0,686e5e1b-cbe3-4cd6-b44f-766adbf6a14b,true,"#N/A","#N/A","#N/A",false,false,"#N/A",true,Related Product,"#N/A",false,false,"#N/A"
572d4d06-d4a3-43f5-9a42-01c62b621415,"#N/A",USD,"#N/A","#N/A","#N/A",false,false,"#N/A","#N/A",240.0,"#N/A","#N/A",false,false,false,"#N/A","#N/A","#N/A","#N/A",da0e5622-6c9a-4548-8ce1-ef9fe8ebf5de,"#N/A","#N/A","#N/A","#N/A",false,"#N/A",ae304420-ede6-46eb-9b07-27665735ca1b,"#N/A","#N/A",500.0,de904e11-828a-41cc-a6d8-8c934672ced4,true,1.0,"#N/A","#N/A",false,false,"#N/A",false,Related Product,"#N/A",false,false,"#N/A"
5d0491aa-afc0-4c6a-8180-e30f5883cc41,"#N/A",USD,"#N/A","#N/A","#N/A",false,true,"#N/A","#N/A",240.0,"#N/A","#N/A",false,false,false,"#N/A","#N/A","#N/A","#N/A",1234b623-6dc3-41ff-839c-b95e77722972,"#N/A","#N/A","#N/A","#N/A",false,"#N/A",3f323c87-bb33-4eb6-9464-8d1b7e40e6ba,8.0,1.0,220.0,062d0221-24ae-4037-9aae-180af606c12e,true,1.0,"#N/A","#N/A",false,true,"#N/A",false,Component,"#N/A",false,false,"#N/A"
5e0e9f50-bb8f-4636-bacc-eefa5c905e6d,"#N/A",USD,"#N/A","#N/A","#N/A",false,true,"#N/A","#N/A",240.0,"#N/A",Always,true,false,false,"#N/A","#N/A","#N/A","#N/A",5bff035a-8034-4fbe-894c-29779f9619c1,"#N/A","#N/A","#N/A","#N/A",false,"#N/A",e01e76c6-d014-48c6-9b7b-f9b21b13899d,"#N/A","#N/A",230.0,648af954-8d6e-4d20-ad6e-fe2f23738f9a,true,1.0,Always,"#N/A",false,false,"#N/A",false,Component,"#N/A",false,false,"#N/A"
605033c9-901d-4759-b73d-1d08f824c8c4,"#N/A",USD,"#N/A","#N/A","#N/A",false,false,"#N/A","#N/A",240.0,"#N/A","#N/A",false,false,false,"#N/A","#N/A","#N/A","#N/A",99f36127-6c8f-4ccc-b9ea-97bab290bef1,"#N/A","#N/A","#N/A","#N/A",false,"#N/A",a8f9b8ad-0c7d-4d96-a511-df31002d5b8a,"#N/A","#N/A",30.0,6a965800-e740-4990-86fe-b6974c9f6327,false,1.0,"#N/A","#N/A",false,false,"#N/A",false,Related Product,"#N/A",false,false,"#N/A"
6057d394-7f2a-4892-9be1-876bb588b848,"#N/A",USD,"#N/A","#N/A","#N/A",false,false,"#N/A","#N/A",240.0,"#N/A","#N/A",false,false,false,"#N/A","#N/A","#N/A","#N/A",99f36127-6c8f-4ccc-b9ea-97bab290bef1,"#N/A","#N/A","#N/A","#N/A",false,"#N/A",38eee51c-357c-4758-8697-fdb953543e2d,"#N/A","#N/A",250.0,532ff7f1-22ff-4d2f-90df-3fe6aec006ef,true,1.0,"#N/A","#N/A",false,false,"#N/A",false,Related Product,"#N/A",false,false,"#N/A"
617c0e04-7ead-49c8-80a5-0490923abb37,"#N/A",USD,Extended Care,"#N/A","#N/A",false,true,"#N/A","#N/A",240.0,Onsite,"#N/A",false,false,false,"#N/A","#N/A","#N/A","#N/A",f874b6e9-5ab5-4b59-8915-2fda91708f27,"#N/A","#N/A","#N/A","#N/A",false,"#N/A",a09fb7cd-605e-4d57-87d9-5fde5fd390fa,"#N/A",2.0,110.0,fcfde49c-4200-47be-86b0-a7d8eb261c78,true,8.0,"#N/A","#N/A",false,false,"#N/A",false,Related Product,"#N/A",false,false,"#N/A"
61b2a9b9-534b-4adb-9e5c-3bb5ed373db8,"#N/A",USD,Extended Care,"#N/A","#N/A",false,true,"#N/A","#N/A",240.0,Onsite,"#N/A",false,false,false,"#N/A","#N/A","#N/A","#N/A",1b7a20e4-be5c-470d-9e10-b35f917e5d2b,"#N/A","#N/A","#N/A","#N/A",false,"#N/A",bff25516-ac76-4fea-8076-c14d89712142,"#N/A","#N/A",4.0,5c787b6a-2e1a-4695-9b42-8a6838d71f36,true,8.0,"#N/A","#N/A",false,false,"#N/A",false,Related Product,"#N/A",false,false,"#N/A"
6598df59-7932-4d2f-a143-c74da05bf722,"#N/A",USD,"#N/A","#N/A","#N/A",false,true,"#N/A","#N/A",240.0,"#N/A",Always,true,false,false,"#N/A","#N/A","#N/A","#N/A",5bff035a-8034-4fbe-894c-29779f9619c1,"#N/A","#N/A","#N/A","#N/A",false,"#N/A",e01e76c6-d014-48c6-9b7b-f9b21b13899d,"#N/A","#N/A",240.0,12328a0a-c947-42be-ae61-96fbd772839b,true,1.0,Always,"#N/A",false,false,"#N/A",false,Component,"#N/A",false,false,"#N/A"
6663804e-925e-4f82-908c-add852676cdc,"#N/A",USD,"#N/A","#N/A","#N/A",false,true,"#N/A","#N/A","#N/A","#N/A","#N/A",false,false,false,"#N/A","#N/A","#N/A","#N/A",da0e5622-6c9a-4548-8ce1-ef9fe8ebf5de,"#N/A","#N/A","#N/A","#N/A",false,"#N/A",b17c35c8-64a4-46ed-9c7b-cb455da7988d,"#N/A","#N/A",630.0,f874b6e9-5ab5-4b59-8915-2fda91708f27,false,1.0,"#N/A","#N/A",false,false,"#N/A",false,Related Product,"#N/A",false,false,"#N/A"
6752cdec-8187-4058-b5ee-4e99fd9d9ce5,"#N/A",USD,Extended Care,"#N/A","#N/A",false,true,"#N/A","#N/A",240.0,Onsite,"#N/A",false,false,false,"#N/A","#N/A","#N/A","#N/A",25c7daac-63cb-49dc-83c9-5861d254e8f5,"#N/A","#N/A","#N/A","#N/A",false,"#N/A","#N/A","#N/A","#N/A",100.0,903c7b24-cd0a-4428-9a83-cd715eaa602b,false,1.0,"#N/A","#N/A",true,true,"#N/A",false,Accessory,"#N/A",false,false,"#N/A"
6b1e99e7-b949-4346-be38-f9f6b27cfa81,"#N/A",USD,Extended Care,"#N/A","#N/A",false,true,"#N/A","#N/A",240.0,Onsite,"#N/A",false,false,false,"#N/A","#N/A","#N/A","#N/A",240b6896-ed41-4537-9814-97fdff94d435,"#N/A","#N/A","#N/A","#N/A",false,"#N/A",c620ce5d-f636-4f00-9078-56812dde1471,"#N/A","#N/A",410.0,f13b9cbd-02be-4140-aff8-cbf0617c9b25,false,1.0,"#N/A","#N/A",false,false,"#N/A",false,Component,"#N/A",false,false,"#N/A"
6cd72d7e-ff09-47a0-b992-e19e7cbd7625,"#N/A",USD,Extended Care,"#N/A","#N/A",false,true,"#N/A","#N/A",240.0,Onsite,"#N/A",false,false,false,"#N/A","#N/A","#N/A","#N/A",f874b6e9-5ab5-4b59-8915-2fda91708f27,"#N/A","#N/A","#N/A","#N/A",false,"#N/A",c42aa7c3-fabe-47eb-b0e6-53858e9e79ff,"#N/A",1.0,330.0,a26c0ff3-48fa-4fef-bcba-5b020eec59b4,true,8.0,"#N/A","#N/A",false,false,"#N/A",false,Related Product,"#N/A",false,false,"#N/A"
6f1915b0-96a1-4ad6-9ec1-a8957b7410fd,"#N/A",USD,Extended Care,"#N/A","#N/A",false,true,"#N/A","#N/A",240.0,Onsite,"#N/A",false,false,false,"#N/A","#N/A","#N/A","#N/A",f874b6e9-5ab5-4b59-8915-2fda91708f27,"#N/A","#N/A","#N/A","#N/A",false,"#N/A",a09fb7cd-605e-4d57-87d9-5fde5fd390fa,"#N/A",2.0,120.0,5f6e7b0c-4784-4ade-9604-2cd1ce4f5045,true,8.0,"#N/A","#N/A",true,true,"#N/A",false,Related Product,"#N/A",false,false,"#N/A"
74e4792d-ca12-4ae8-9e20-dc7cd14ffa82,"#N/A",USD,Extended Care,"#N/A","#N/A",false,true,"#N/A","#N/A",240.0,Onsite,"#N/A",false,false,false,"#N/A","#N/A","#N/A","#N/A",240b6896-ed41-4537-9814-97fdff94d435,"#N/A","#N/A","#N/A","#N/A",false,"#N/A",c620ce5d-f636-4f00-9078-56812dde1471,"#N/A","#N/A",430.0,eb4ed1ee-e0ba-4d2f-909b-ec033002e7d9,false,1.0,"#N/A","#N/A",false,false,"#N/A",false,Component,"#N/A",false,false,"#N/A"
75e21d10-a1eb-49f7-a3da-0321609e3105,"#N/A",USD,"#N/A","#N/A","#N/A",false,true,"#N/A","#N/A",240.0,"#N/A","#N/A",false,false,false,"#N/A","#N/A","#N/A","#N/A",5bff035a-8034-4fbe-894c-29779f9619c1,"#N/A","#N/A","#N/A","#N/A",false,"#N/A",58b83955-691a-4845-a62f-4e1d610cf18d,1.0,0.0,910.0,69fe359b-9fb4-4ce0-b573-4176afce6223,false,1.0,"#N/A","#N/A",false,true,"#N/A",false,Related Product,"#N/A",false,false,"#N/A"
77823a1b-82ca-4fb7-a6ae-6a146cedde0c,"#N/A",USD,"#N/A","#N/A","#N/A",false,false,"#N/A","#N/A",240.0,"#N/A","#N/A",false,false,false,"#N/A","#N/A","#N/A","#N/A",99f36127-6c8f-4ccc-b9ea-97bab290bef1,"#N/A","#N/A","#N/A","#N/A",false,"#N/A",794ec577-1c10-4cb8-9fa6-b96297c7da2e,"#N/A",10.0,610.0,ba56ff8c-3272-48ce-bfc0-507222e5420a,true,10.0,"#N/A","#N/A",false,false,"#N/A",false,Related Product,"#N/A",false,false,"#N/A"
77a9b2b3-2704-4670-8281-794297609942,"#N/A",USD,"#N/A","#N/A","#N/A",false,false,"#N/A","#N/A","#N/A","#N/A","#N/A",false,false,false,"#N/A","#N/A","#N/A","#N/A",da0e5622-6c9a-4548-8ce1-ef9fe8ebf5de,"#N/A","#N/A","#N/A","#N/A",false,"#N/A",b3e8abcf-0068-4852-8d37-01a1994b592e,"#N/A","#N/A",120.0,686e5e1b-cbe3-4cd6-b44f-766adbf6a14b,true,"#N/A","#N/A","#N/A",false,false,"#N/A",true,Related Product,"#N/A",false,false,"#N/A"
78368522-e84e-4aee-b86c-2c7b662fb5ba,"#N/A",USD,"#N/A","#N/A","#N/A",false,false,"#N/A","#N/A",240.0,"#N/A","#N/A",false,false,false,"#N/A","#N/A","#N/A","#N/A",99f36127-6c8f-4ccc-b9ea-97bab290bef1,"#N/A","#N/A","#N/A","#N/A",false,"#N/A",467f9b75-e240-4cbd-b6c5-b84023be9d01,"#N/A","#N/A",500.0,de904e11-828a-41cc-a6d8-8c934672ced4,true,1.0,"#N/A","#N/A",false,false,"#N/A",false,Related Product,"#N/A",false,false,"#N/A"
78835654-16a1-4742-a6b5-db24917af79f,"#N/A",USD,Extended Care,"#N/A","#N/A",false,true,"#N/A","#N/A",240.0,Onsite,"#N/A",false,false,false,"#N/A","#N/A","#N/A","#N/A",f874b6e9-5ab5-4b59-8915-2fda91708f27,"#N/A","#N/A","#N/A","#N/A",false,"#N/A",c42aa7c3-fabe-47eb-b0e6-53858e9e79ff,"#N/A",2.0,350.0,6fcbf160-d45a-456a-b5f4-9fda0e99be67,true,8.0,"#N/A","#N/A",false,false,"#N/A",false,Related Product,"#N/A",false,false,"#N/A"
7b6ef5fb-0a2d-4d43-992c-1024c2b82cc5,"#N/A",USD,"#N/A","#N/A","#N/A",false,true,"#N/A","#N/A",240.0,"#N/A","#N/A",false,false,false,"#N/A","#N/A","#N/A","#N/A",1234b623-6dc3-41ff-839c-b95e77722972,"#N/A","#N/A","#N/A","#N/A",false,"#N/A",3f323c87-bb33-4eb6-9464-8d1b7e40e6ba,8.0,1.0,210.0,b7f19ae9-44fa-4cb4-8629-bf589069b326,true,1.0,"#N/A","#N/A",false,false,"#N/A",false,Component,"#N/A",false,false,"#N/A"
7b905290-a694-4000-81a9-0cfae4048cbf,"#N/A",USD,"#N/A","#N/A","#N/A",false,true,"#N/A","#N/A",240.0,"#N/A",Always,true,false,false,"#N/A","#N/A","#N/A","#N/A",5bff035a-8034-4fbe-894c-29779f9619c1,"#N/A","#N/A","#N/A","#N/A",false,"#N/A",702e0fd4-a568-4688-94c5-1878ff6b55ca,"#N/A","#N/A",820.0,3a6afffe-f854-4420-9119-fe30f0744c2f,false,1.0,"#N/A","#N/A",false,false,"#N/A",false,Component,"#N/A",false,false,"#N/A"
7c098b48-fc22-494e-b30b-035987d8b71a,"#N/A",USD,"#N/A","#N/A","#N/A",false,false,"#N/A","#N/A",240.0,"#N/A","#N/A",false,false,false,"#N/A","#N/A","#N/A","#N/A",99f36127-6c8f-4ccc-b9ea-97bab290bef1,"#N/A","#N/A","#N/A","#N/A",false,"#N/A",0b149a5f-d8c3-47d6-bccf-c6a230509743,"#N/A","#N/A",720.0,d4d547b9-68dc-453c-843b-006fc1a17e6b,false,1.0,"#N/A","#N/A",false,false,"#N/A",false,Related Product,"#N/A",false,false,"#N/A"
7d1096d6-c9be-456b-8dc3-0c224a8d1a50,"#N/A",USD,"#N/A","#N/A","#N/A",false,false,"#N/A","#N/A",240.0,"#N/A","#N/A",false,false,false,"#N/A","#N/A","#N/A","#N/A",da0e5622-6c9a-4548-8ce1-ef9fe8ebf5de,"#N/A","#N/A","#N/A","#N/A",false,"#N/A",ae304420-ede6-46eb-9b07-27665735ca1b,"#N/A","#N/A",550.0,c5f4e456-6a83-4e27-9f38-9ed611ce7f01,true,1.0,"#N/A","#N/A",false,false,"#N/A",false,Related Product,"#N/A",false,false,"#N/A"
803e4669-b902-41c7-842b-7fe59866d4f6,"#N/A",USD,Extended Care,"#N/A","#N/A",false,true,"#N/A","#N/A",240.0,Onsite,"#N/A",false,false,false,"#N/A","#N/A","#N/A","#N/A",240b6896-ed41-4537-9814-97fdff94d435,"#N/A","#N/A","#N/A","#N/A",false,"#N/A",c620ce5d-f636-4f00-9078-56812dde1471,"#N/A","#N/A",420.0,4fb1c6f8-3819-4003-a5ac-c13ed2357645,true,25.0,"#N/A","#N/A",false,true,"#N/A",false,Related Product,"#N/A",false,false,"#N/A"
804dc03c-825b-4d1d-9d24-13cf51b191e0,"#N/A",USD,"#N/A","#N/A","#N/A",false,false,"#N/A","#N/A","#N/A","#N/A","#N/A",false,false,false,"#N/A","#N/A","#N/A","#N/A",1b7a20e4-be5c-470d-9e10-b35f917e5d2b,"#N/A","#N/A","#N/A","#N/A",false,"#N/A",c0d1fe13-0e01-463a-a493-74499460ef40,"#N/A",2.0,20.0,ac66435b-af45-44de-9f11-929d14409f50,true,2.0,"#N/A","#N/A",true,false,"#N/A",false,Component,"#N/A",false,false,"#N/A"
830de52c-2013-4edd-a506-2908234a8682,"#N/A",USD,"#N/A","#N/A","#N/A",false,true,"#N/A","#N/A",240.0,"#N/A","#N/A",false,false,false,"#N/A","#N/A","#N/A","#N/A",1234b623-6dc3-41ff-839c-b95e77722972,"#N/A","#N/A","#N/A","#N/A",false,"#N/A",a3a00b31-0116-4702-956c-a417b97be1dc,1.0,0.0,410.0,b7978016-2848-457a-9c1f-abdbd92dc855,false,1.0,"#N/A","#N/A",false,false,"#N/A",false,Component,"#N/A",false,false,"#N/A"
84ea0abe-0108-472c-8708-acdf885ac795,"#N/A",USD,"#N/A","#N/A","#N/A",false,false,"#N/A","#N/A","#N/A","#N/A","#N/A",true,false,false,"#N/A","#N/A","#N/A","#N/A",da0e5622-6c9a-4548-8ce1-ef9fe8ebf5de,"#N/A","#N/A","#N/A","#N/A",false,"#N/A",a65bb089-0ead-4045-ad03-3932767af1b4,"#N/A","#N/A",20.0,e1052d7a-669c-4b70-b14f-6d9264213fdd,false,1.0,"#N/A","#N/A",false,false,"#N/A",false,Related Product,"#N/A",false,false,"#N/A"
8627d6e9-f526-487a-b6cd-c1a95236e24a,"#N/A",USD,Extended Care,"#N/A","#N/A",false,true,"#N/A","#N/A",240.0,Onsite,"#N/A",false,false,false,"#N/A","#N/A","#N/A","#N/A",240b6896-ed41-4537-9814-97fdff94d435,"#N/A","#N/A","#N/A","#N/A",false,"#N/A",a378f798-2993-4ca7-a83a-d74033bd406f,"#N/A","#N/A",210.0,4cdc7bba-61db-4016-b72d-d9614d2f0cca,false,1.0,"#N/A","#N/A",false,false,"#N/A",false,Component,"#N/A",false,false,"#N/A"
8751b112-9ce9-4e2c-a2b8-3109e2a317d4,"#N/A",USD,"#N/A","#N/A","#N/A",false,false,"#N/A","#N/A","#N/A","#N/A","#N/A",false,false,false,"#N/A","#N/A","#N/A","#N/A",da0e5622-6c9a-4548-8ce1-ef9fe8ebf5de,"#N/A","#N/A","#N/A","#N/A",false,"#N/A",3157eeff-4987-4680-a559-69646e0d03fc,"#N/A",200.0,200.0,30b2099d-55b1-433d-96c5-0e3916f7814e,true,200.0,"#N/A","#N/A",false,false,"#N/A",false,Related Product,"#N/A",false,false,"#N/A"
87f59630-07c0-42ec-b0a9-5c8cec600d81,"#N/A",USD,"#N/A","#N/A","#N/A",false,false,"#N/A","#N/A",240.0,"#N/A","#N/A",false,false,false,"#N/A","#N/A","#N/A","#N/A",99f36127-6c8f-4ccc-b9ea-97bab290bef1,"#N/A","#N/A","#N/A","#N/A",false,"#N/A",27426bc3-5352-4e29-bb8a-f94ffe50e35a,"#N/A","#N/A",590.0,20ac81d0-9479-44e1-ba7b-70651b1bf2a4,false,1.0,"#N/A","#N/A",false,false,"#N/A",false,Related Product,"#N/A",false,false,"#N/A"
88ec7d24-190e-4724-a0ea-289aade255bf,"#N/A",USD,"#N/A","#N/A","#N/A",false,true,"#N/A","#N/A",240.0,"#N/A",Always,true,false,false,"#N/A","#N/A","#N/A","#N/A",5bff035a-8034-4fbe-894c-29779f9619c1,"#N/A","#N/A","#N/A","#N/A",false,"#N/A",702e0fd4-a568-4688-94c5-1878ff6b55ca,"#N/A","#N/A",830.0,2fd1d1cc-caff-451c-b8d2-fb83e0249f69,false,1.0,"#N/A","#N/A",false,false,"#N/A",false,Component,"#N/A",false,false,"#N/A"
8aceaa5b-412f-48ab-9ec9-e221350f1fca,"#N/A",USD,Extended Care,"#N/A","#N/A",false,true,"#N/A","#N/A",240.0,Onsite,"#N/A",false,false,false,"#N/A","#N/A","#N/A","#N/A",240b6896-ed41-4537-9814-97fdff94d435,"#N/A","#N/A","#N/A","#N/A",false,"#N/A",a378f798-2993-4ca7-a83a-d74033bd406f,5.0,"#N/A",220.0,25c7daac-63cb-49dc-83c9-5861d254e8f5,true,1.0,"#N/A","#N/A",false,true,"#N/A",false,Accessory,"#N/A",false,false,"#N/A"
8c7dbbf9-ee53-47e1-95ef-f800f91b1f8c,"#N/A",USD,"#N/A","#N/A","#N/A",false,false,"#N/A","#N/A",240.0,"#N/A","#N/A",false,false,false,"#N/A","#N/A","#N/A","#N/A",99f36127-6c8f-4ccc-b9ea-97bab290bef1,"#N/A","#N/A","#N/A","#N/A",false,"#N/A",0d11a3dc-3a36-46d7-a953-cb3df24b87ac,"#N/A","#N/A",130.0,dac40b15-963d-44f8-8638-5381f31e1239,true,"#N/A","#N/A","#N/A",false,false,"#N/A",true,Related Product,"#N/A",false,false,"#N/A"
8db0f369-f90d-443d-8895-5f7cff9de641,"#N/A",USD,"#N/A","#N/A","#N/A",false,false,"#N/A","#N/A","#N/A","#N/A","#N/A",false,false,false,"#N/A","#N/A","#N/A","#N/A",da0e5622-6c9a-4548-8ce1-ef9fe8ebf5de,"#N/A","#N/A","#N/A","#N/A",false,"#N/A",0933c8d1-0c43-464b-b713-720ac216310f,"#N/A","#N/A",710.0,befe212c-8410-45c8-a363-a9174317c54f,false,1.0,"#N/A","#N/A",false,false,"#N/A",false,Related Product,"#N/A",false,false,"#N/A"
8de7a175-2f8d-4b3e-87bf-67208f1341da,"#N/A",USD,"#N/A","#N/A","#N/A",false,false,"#N/A","#N/A",240.0,"#N/A","#N/A",false,false,false,"#N/A","#N/A","#N/A","#N/A",da0e5622-6c9a-4548-8ce1-ef9fe8ebf5de,"#N/A","#N/A","#N/A","#N/A",false,"#N/A",ae304420-ede6-46eb-9b07-27665735ca1b,"#N/A","#N/A",590.0,20ac81d0-9479-44e1-ba7b-70651b1bf2a4,false,1.0,"#N/A","#N/A",false,false,"#N/A",false,Related Product,"#N/A",false,false,"#N/A"
902c90eb-cd26-4dfd-a46f-9eee3fc951b2,"#N/A",USD,"#N/A","#N/A","#N/A",false,false,"#N/A","#N/A","#N/A","#N/A","#N/A",false,false,false,"#N/A","#N/A","#N/A","#N/A",da0e5622-6c9a-4548-8ce1-ef9fe8ebf5de,"#N/A","#N/A","#N/A","#N/A",false,"#N/A",b17c35c8-64a4-46ed-9c7b-cb455da7988d,"#N/A","#N/A",600.0,5ee69626-8707-4db0-93d4-ceb3cfd7c000,false,1.0,"#N/A","#N/A",false,true,"#N/A",false,Related Product,"#N/A",false,false,"#N/A"
91045317-90f6-4de0-96a7-93a5a9ff9cd2,"#N/A",USD,Extended Care,"#N/A","#N/A",false,true,"#N/A","#N/A",240.0,Onsite,"#N/A",false,false,false,"#N/A","#N/A","#N/A","#N/A",240b6896-ed41-4537-9814-97fdff94d435,"#N/A","#N/A","#N/A","#N/A",false,"#N/A",c620ce5d-f636-4f00-9078-56812dde1471,"#N/A","#N/A",440.0,f874b6e9-5ab5-4b59-8915-2fda91708f27,false,1.0,"#N/A","#N/A",false,false,"#N/A",false,Component,"#N/A",false,false,"#N/A"
92a41478-a8f2-418e-bfa7-f004bdda0cd8,"#N/A",USD,"#N/A","#N/A","#N/A",false,false,"#N/A","#N/A",240.0,"#N/A","#N/A",false,false,false,"#N/A","#N/A","#N/A","#N/A",99f36127-6c8f-4ccc-b9ea-97bab290bef1,"#N/A","#N/A","#N/A","#N/A",false,"#N/A",0b149a5f-d8c3-47d6-bccf-c6a230509743,"#N/A","#N/A",700.0,407fc8ba-5e66-41bb-9c0d-edf341b9f382,false,1.0,"#N/A","#N/A",false,true,"#N/A",false,Related Product,"#N/A",false,false,"#N/A"
92aa149f-d805-4151-85e3-a457b756dccb,"#N/A",USD,"#N/A","#N/A","#N/A",false,true,"#N/A","#N/A",240.0,"#N/A","#N/A",false,false,false,"#N/A","#N/A","#N/A","#N/A",5bff035a-8034-4fbe-894c-29779f9619c1,"#N/A","#N/A","#N/A","#N/A",false,"#N/A",c8849778-182f-45b6-ab05-0c8c75e09d0c,"#N/A","#N/A",1210.0,6bfdbdd4-36f7-455b-99ec-202d6453aa4e,false,1.0,Always,"#N/A",false,true,"#N/A",false,Accessory,"#N/A",false,false,"#N/A"
949e97fd-1829-47ca-a5d4-5087ccb657f9,"#N/A",USD,"#N/A","#N/A","#N/A",false,true,"#N/A","#N/A",240.0,"#N/A",Always,true,false,false,"#N/A","#N/A","#N/A","#N/A",5bff035a-8034-4fbe-894c-29779f9619c1,"#N/A","#N/A","#N/A","#N/A",false,"#N/A",e01e76c6-d014-48c6-9b7b-f9b21b13899d,"#N/A","#N/A",220.0,1234b623-6dc3-41ff-839c-b95e77722972,true,1.0,Always,"#N/A",false,false,"#N/A",false,Component,"#N/A",false,false,"#N/A"
95c0cfcb-038a-4796-b461-58deaab5ee61,"#N/A",USD,"#N/A","#N/A","#N/A",false,true,"#N/A","#N/A",240.0,"#N/A","#N/A",false,false,false,"#N/A","#N/A","#N/A","#N/A",5bff035a-8034-4fbe-894c-29779f9619c1,"#N/A","#N/A","#N/A","#N/A",false,"#N/A",fc62d74f-45d6-4313-bfb9-177fde290e86,"#N/A","#N/A",520.0,c1780174-9cc6-4859-b369-71afd78eae77,true,1.0,Always,"#N/A",false,false,"#N/A",false,Component,"#N/A",false,false,"#N/A"
9c77eb42-cc84-4cbd-a2a7-772ae5eb2128,"#N/A",USD,"#N/A","#N/A","#N/A",false,true,"#N/A","#N/A",240.0,"#N/A","#N/A",false,false,false,"#N/A","#N/A","#N/A","#N/A",5bff035a-8034-4fbe-894c-29779f9619c1,"#N/A","#N/A","#N/A","#N/A",false,"#N/A",58b83955-691a-4845-a62f-4e1d610cf18d,1.0,0.0,930.0,9cbfdfe4-8ac7-46ff-b2fd-67c5e741b9c4,false,1.0,"#N/A","#N/A",false,false,"#N/A",false,Component,"#N/A",false,false,"#N/A"
9d93beb1-ac76-4ed7-a900-cd5ed288eb10,"#N/A",USD,"#N/A","#N/A","#N/A",false,false,"#N/A","#N/A",240.0,"#N/A","#N/A",false,false,false,"#N/A","#N/A","#N/A","#N/A",99f36127-6c8f-4ccc-b9ea-97bab290bef1,"#N/A","#N/A","#N/A","#N/A",false,"#N/A",a8f9b8ad-0c7d-4d96-a511-df31002d5b8a,"#N/A","#N/A",40.0,5e6498ee-3bd0-41d7-b336-3031a647f55b,false,1.0,"#N/A","#N/A",false,false,"#N/A",false,Related Product,"#N/A",false,false,"#N/A"
9e2d6c1f-b2f8-455e-bc49-c8997e240ee3,"#N/A",USD,"#N/A","#N/A","#N/A",false,true,"#N/A","#N/A",240.0,"#N/A","#N/A",false,false,false,"#N/A","#N/A","#N/A","#N/A",1234b623-6dc3-41ff-839c-b95e77722972,"#N/A","#N/A","#N/A","#N/A",false,"#N/A",ec870a62-b362-46de-af46-d49cae509250,1.0,0.0,310.0,be36a53f-c9a1-4d22-b576-93da5600e2df,false,1.0,"#N/A","#N/A",false,false,"#N/A",false,Component,"#N/A",false,false,"#N/A"
9e62db10-2e4b-4822-be88-6fbd4b4b2e42,"#N/A",USD,"#N/A","#N/A","#N/A",false,false,"#N/A","#N/A","#N/A","#N/A","#N/A",false,false,false,"#N/A","#N/A","#N/A","#N/A",1b7a20e4-be5c-470d-9e10-b35f917e5d2b,"#N/A","#N/A","#N/A","#N/A",false,"#N/A",c66951b1-bd25-4ae5-b135-05542dfc38d9,"#N/A","#N/A",100.0,9739c704-6569-4443-8a62-b4cdaeee1649,true,4.0,"#N/A","#N/A",false,true,"#N/A",false,Component,"#N/A",false,false,"#N/A"
9faeda7a-250f-42ed-b1ce-1f3b7d9b4324,"#N/A",USD,"#N/A","#N/A","#N/A",false,true,"#N/A","#N/A",240.0,"#N/A","#N/A",false,false,false,"#N/A","#N/A","#N/A","#N/A",5bff035a-8034-4fbe-894c-29779f9619c1,"#N/A","#N/A","#N/A","#N/A",false,"#N/A",179f1882-b90c-499b-81ae-bba19f22bfd1,"#N/A","#N/A",610.0,3516f7a7-1814-41f7-bad8-0de6475fd208,true,1.0,Always,"#N/A",false,false,"#N/A",false,Component,"#N/A",false,false,"#N/A"
a2992922-7fba-4210-90b2-ff06f96d128e,"#N/A",USD,Extended Care,"#N/A","#N/A",false,true,"#N/A","#N/A",240.0,Onsite,"#N/A",false,false,false,"#N/A","#N/A","#N/A","#N/A",240b6896-ed41-4537-9814-97fdff94d435,"#N/A","#N/A","#N/A","#N/A",false,"#N/A",593a08e5-9383-49fc-be9f-5fbe82a883cd,"#N/A","#N/A",120.0,fe01dbf1-f323-4417-b9f4-39e9ed79a887,true,350.0,"#N/A","#N/A",true,true,"#N/A",false,Related Product,"#N/A",false,false,"#N/A"
a2a5ae1f-0113-42ab-a896-c4541ce8743b,"#N/A",USD,Extended Care,"#N/A","#N/A",false,true,"#N/A","#N/A",240.0,Onsite,"#N/A",false,false,false,"#N/A","#N/A","#N/A","#N/A",240b6896-ed41-4537-9814-97fdff94d435,"#N/A","#N/A","#N/A","#N/A",false,"#N/A",a378f798-2993-4ca7-a83a-d74033bd406f,"#N/A","#N/A",240.0,4116e93e-3e7b-436b-8e0c-4dc86d4ccaea,false,1.0,"#N/A","#N/A",false,false,"#N/A",false,Component,"#N/A",false,false,"#N/A"
a38ce49f-dbd4-4bbd-906b-5beaa7f4f64b,"#N/A",USD,"#N/A","#N/A","#N/A",false,false,"#N/A","#N/A","#N/A","#N/A","#N/A",false,false,false,"#N/A","#N/A","#N/A","#N/A",da0e5622-6c9a-4548-8ce1-ef9fe8ebf5de,"#N/A","#N/A","#N/A","#N/A",false,"#N/A",b3e8abcf-0068-4852-8d37-01a1994b592e,"#N/A","#N/A",130.0,dac40b15-963d-44f8-8638-5381f31e1239,true,"#N/A","#N/A","#N/A",false,false,"#N/A",true,Related Product,"#N/A",false,false,"#N/A"
a4ce49c8-284e-4f54-9188-b1723abd1608,"#N/A",USD,"#N/A","#N/A","#N/A",false,true,"#N/A","#N/A",240.0,"#N/A","#N/A",false,false,false,"#N/A","#N/A","#N/A","#N/A",1234b623-6dc3-41ff-839c-b95e77722972,"#N/A","#N/A","#N/A","#N/A",false,"#N/A",a3a00b31-0116-4702-956c-a417b97be1dc,1.0,0.0,420.0,c6986fb6-6c9d-4f9d-a385-acb8f80b53d4,false,1.0,"#N/A","#N/A",false,true,"#N/A",false,Component,"#N/A",false,false,"#N/A"
a65a406b-d5ce-451e-a379-3822a4ce4df5,"#N/A",USD,"#N/A","#N/A","#N/A",false,true,"#N/A","#N/A",240.0,"#N/A",On Selection,true,false,false,"#N/A","#N/A","#N/A","#N/A",5bff035a-8034-4fbe-894c-29779f9619c1,"#N/A","#N/A","#N/A","#N/A",false,"#N/A",74749442-32d7-4606-8492-1d52aa031b02,"#N/A","#N/A",380.0,629b406e-01e2-4794-9a2b-fb50cd3a1a5b,true,1.0,Always,"#N/A",false,false,"#N/A",false,Component,"#N/A",false,false,"#N/A"
aac94a0e-c8ea-4229-885c-3815a679aca5,"#N/A",USD,Extended Care,"#N/A","#N/A",false,true,"#N/A","#N/A",240.0,Onsite,"#N/A",false,false,false,"#N/A","#N/A","#N/A","#N/A",f874b6e9-5ab5-4b59-8915-2fda91708f27,"#N/A","#N/A","#N/A","#N/A",false,"#N/A",dad0eaba-7265-40cd-a367-96a80a1f1938,"#N/A",2.0,210.0,b71860c9-c6ca-4ccc-a3ec-026cc314242b,true,8.0,"#N/A","#N/A",false,true,"#N/A",false,Related Product,"#N/A",false,false,"#N/A"
abf077bc-a3bb-4905-98b8-2fcfaa0e8dc7,"#N/A",USD,"#N/A","#N/A","#N/A",false,true,"#N/A","#N/A",240.0,"#N/A","#N/A",false,false,false,"#N/A","#N/A","#N/A","#N/A",5bff035a-8034-4fbe-894c-29779f9619c1,"#N/A","#N/A","#N/A","#N/A",false,"#N/A",5c9155bb-3b30-4157-9b49-4c4bef610224,"#N/A","#N/A",420.0,90911f47-1ceb-4eb2-b454-229460f43483,false,1.0,Always,"#N/A",false,false,"#N/A",false,Component,"#N/A",false,false,"#N/A"
b093db9f-e10c-434f-903b-92387e9ad13b,"#N/A",USD,"#N/A","#N/A","#N/A",false,true,"#N/A","#N/A",240.0,"#N/A","#N/A",false,false,false,"#N/A","#N/A","#N/A","#N/A",5bff035a-8034-4fbe-894c-29779f9619c1,"#N/A","#N/A","#N/A","#N/A",false,"#N/A",6be358ad-94cf-4b7c-99c7-161bb138d5a8,"#N/A","#N/A",1110.0,5ea35f6a-6c24-4d75-bca5-2c7120780789,true,1.0,Always,"#N/A",false,false,"#N/A",false,Component,"#N/A",false,false,"#N/A"
b185a686-9f07-4926-aeee-117ae535828b,"#N/A",USD,"#N/A","#N/A","#N/A",false,true,"#N/A","#N/A",240.0,"#N/A","#N/A",false,false,false,"#N/A","#N/A","#N/A","#N/A",5bff035a-8034-4fbe-894c-29779f9619c1,"#N/A","#N/A","#N/A","#N/A",false,"#N/A",5c9155bb-3b30-4157-9b49-4c4bef610224,"#N/A","#N/A",440.0,6929f3f4-8420-44f5-9826-ed552801a372,false,1.0,Always,"#N/A",false,false,"#N/A",false,Component,"#N/A",false,false,"#N/A"
b6262eec-8ac5-4bf2-865c-fb76cc61f0dd,"#N/A",USD,"#N/A","#N/A","#N/A",false,true,"#N/A","#N/A",240.0,"#N/A","#N/A",false,false,false,"#N/A","#N/A","#N/A","#N/A",1234b623-6dc3-41ff-839c-b95e77722972,"#N/A","#N/A","#N/A","#N/A",false,"#N/A",ec870a62-b362-46de-af46-d49cae509250,1.0,0.0,320.0,0f09d5d8-7f04-402d-b119-0feec4e32060,false,1.0,"#N/A","#N/A",false,true,"#N/A",false,Component,"#N/A",false,false,"#N/A"
b89dfa36-7540-43e5-bc9e-c9a1cb05c4cb,"#N/A",USD,"#N/A","#N/A","#N/A",false,true,"#N/A","#N/A",240.0,"#N/A","#N/A",false,false,false,"#N/A","#N/A","#N/A","#N/A",5bff035a-8034-4fbe-894c-29779f9619c1,"#N/A","#N/A","#N/A","#N/A",false,"#N/A",702e0fd4-a568-4688-94c5-1878ff6b55ca,"#N/A","#N/A",850.0,e3a30657-ec19-4311-ac57-7fb9f421e9f1,false,1.0,"#N/A","#N/A",false,false,"#N/A",false,Component,"#N/A",false,false,"#N/A"
bb3b8870-290b-496a-b722-926704e414ac,"#N/A",USD,"#N/A","#N/A","#N/A",false,true,"#N/A","#N/A",240.0,"#N/A","#N/A",false,false,false,"#N/A","#N/A","#N/A","#N/A",5bff035a-8034-4fbe-894c-29779f9619c1,"#N/A","#N/A","#N/A","#N/A",false,"#N/A",179f1882-b90c-499b-81ae-bba19f22bfd1,"#N/A","#N/A",620.0,8d3f6491-4b54-4889-991d-79d63066d045,true,1.0,Always,"#N/A",false,false,"#N/A",false,Component,"#N/A",false,false,"#N/A"
bcd070b7-a592-4e73-ae28-7a093ff7f1fe,"#N/A",USD,"#N/A","#N/A","#N/A",false,true,"#N/A","#N/A",240.0,"#N/A","#N/A",false,false,false,"#N/A","#N/A","#N/A","#N/A",5bff035a-8034-4fbe-894c-29779f9619c1,"#N/A","#N/A","#N/A","#N/A",false,"#N/A",d6ab7188-432c-4791-8d7c-450c7cbe9653,"#N/A","#N/A",1010.0,4e1d00ac-6bc1-43b3-bc64-e901584c3952,false,1.0,Always,"#N/A",false,false,"#N/A",false,Accessory,"#N/A",false,false,"#N/A"
be1b4032-3d07-485c-aa09-656d0993de9c,"#N/A",USD,Extended Care,"#N/A","#N/A",false,true,"#N/A","#N/A",240.0,Onsite,"#N/A",false,false,false,"#N/A","#N/A","#N/A","#N/A",1b7a20e4-be5c-470d-9e10-b35f917e5d2b,"#N/A","#N/A","#N/A","#N/A",false,"#N/A",bff25516-ac76-4fea-8076-c14d89712142,"#N/A","#N/A",2.0,a787ed35-8ce9-4898-8041-7c8430d422e7,true,8.0,"#N/A","#N/A",false,false,"#N/A",false,Related Product,"#N/A",false,false,"#N/A"
becd0bca-4727-48f3-8d9e-5255bc496d8a,"#N/A",USD,"#N/A","#N/A","#N/A",false,true,"#N/A","#N/A",240.0,"#N/A","#N/A",false,false,false,"#N/A","#N/A","#N/A","#N/A",5bff035a-8034-4fbe-894c-29779f9619c1,"#N/A","#N/A","#N/A","#N/A",false,"#N/A",c8849778-182f-45b6-ab05-0c8c75e09d0c,"#N/A","#N/A",1220.0,089f3df9-8516-42c8-8185-e3c161783fb9,false,1.0,Always,"#N/A",false,false,"#N/A",false,Accessory,"#N/A",false,false,"#N/A"
becfb9f1-0cde-43b0-b37b-fcac4b14b8c0,"#N/A",USD,"#N/A","#N/A","#N/A",false,false,"#N/A","#N/A",240.0,"#N/A","#N/A",false,false,false,"#N/A","#N/A","#N/A","#N/A",99f36127-6c8f-4ccc-b9ea-97bab290bef1,"#N/A","#N/A","#N/A","#N/A",false,"#N/A",a8f9b8ad-0c7d-4d96-a511-df31002d5b8a,"#N/A","#N/A",10.0,edb6756e-e42d-43ec-ba57-2f8d3daf1c82,false,1.0,"#N/A","#N/A",false,true,"#N/A",false,Related Product,"#N/A",false,false,"#N/A"
c182e992-a4d0-4edc-aea4-864ff7c01138,"#N/A",USD,"#N/A","#N/A","#N/A",false,false,"#N/A","#N/A",240.0,"#N/A","#N/A",false,false,false,"#N/A","#N/A","#N/A","#N/A",da0e5622-6c9a-4548-8ce1-ef9fe8ebf5de,"#N/A","#N/A","#N/A","#N/A",false,"#N/A",ae304420-ede6-46eb-9b07-27665735ca1b,"#N/A","#N/A",560.0,15819bad-bacb-4892-bd6b-9e66c54f937b,true,1.0,"#N/A","#N/A",false,false,"#N/A",false,Related Product,"#N/A",false,false,"#N/A"
c1f8acbc-c9a6-4785-85b6-7f16d0055ea6,"#N/A",USD,Extended Care,"#N/A","#N/A",false,true,"#N/A","#N/A",240.0,Onsite,"#N/A",false,false,false,"#N/A","#N/A","#N/A","#N/A",f874b6e9-5ab5-4b59-8915-2fda91708f27,"#N/A","#N/A","#N/A","#N/A",false,"#N/A",c42aa7c3-fabe-47eb-b0e6-53858e9e79ff,"#N/A",2.0,320.0,f49c253b-5f7f-4f0b-acab-7763848653bb,true,8.0,"#N/A","#N/A",false,false,"#N/A",false,Related Product,"#N/A",false,false,"#N/A"
c2cfe9ad-5818-40a8-9382-a07f78915a00,"#N/A",USD,"#N/A","#N/A","#N/A",false,false,"#N/A","#N/A","#N/A","#N/A","#N/A",false,false,false,"#N/A","#N/A","#N/A","#N/A",1b7a20e4-be5c-470d-9e10-b35f917e5d2b,"#N/A","#N/A","#N/A","#N/A",false,"#N/A",c66951b1-bd25-4ae5-b135-05542dfc38d9,"#N/A","#N/A",110.0,1ceef319-f65e-4660-8976-91719f77a0c5,true,4.0,"#N/A","#N/A",false,false,"#N/A",false,Component,"#N/A",false,false,"#N/A"
c3ce7e8e-3e98-40ec-90e8-fe7289f01cc8,"#N/A",USD,"#N/A","#N/A","#N/A",false,false,"#N/A","#N/A",666.0,"#N/A","#N/A",false,false,false,"#N/A","#N/A","#N/A","#N/A",99f36127-6c8f-4ccc-b9ea-97bab290bef1,"#N/A","#N/A","#N/A","#N/A",false,"#N/A",38eee51c-357c-4758-8697-fdb953543e2d,"#N/A","#N/A",240.0,ce804259-7043-4699-8dee-6a034c62b6a4,true,1.0,"#N/A","#N/A",false,false,"#N/A",false,Related Product,"#N/A",false,false,"#N/A"
c88a3075-9b89-4687-944a-50d67a3f75ca,"#N/A",USD,Extended Care,"#N/A","#N/A",false,true,"#N/A","#N/A",240.0,Onsite,"#N/A",false,false,false,"#N/A","#N/A","#N/A","#N/A",1b7a20e4-be5c-470d-9e10-b35f917e5d2b,"#N/A","#N/A","#N/A","#N/A",false,"#N/A",bff25516-ac76-4fea-8076-c14d89712142,"#N/A","#N/A",1.0,d770d095-b686-4681-a3e0-5a3713d20267,true,20.0,"#N/A","#N/A",false,true,"#N/A",false,Related Product,"#N/A",false,false,"#N/A"
c8e075a1-19d7-4eec-bb2a-2e1cbe220648,"#N/A",USD,"#N/A","#N/A","#N/A",false,false,"#N/A","#N/A",240.0,"#N/A","#N/A",false,false,false,"#N/A","#N/A","#N/A","#N/A",99f36127-6c8f-4ccc-b9ea-97bab290bef1,"#N/A","#N/A","#N/A","#N/A",false,"#N/A",38eee51c-357c-4758-8697-fdb953543e2d,"#N/A",200.0,200.0,30b2099d-55b1-433d-96c5-0e3916f7814e,true,200.0,"#N/A","#N/A",false,false,"#N/A",false,Related Product,"#N/A",false,false,"#N/A"
cd9d1802-a741-45f1-a553-2d1582fbe629,"#N/A",USD,"#N/A","#N/A","#N/A",false,true,"#N/A","#N/A",240.0,"#N/A","#N/A",false,false,false,"#N/A","#N/A","#N/A","#N/A",5bff035a-8034-4fbe-894c-29779f9619c1,"#N/A","#N/A","#N/A","#N/A",false,"#N/A",5c9155bb-3b30-4157-9b49-4c4bef610224,"#N/A","#N/A",450.0,c6a75cfd-82de-40cf-b6f7-54cb6777b042,false,1.0,Always,"#N/A",false,false,"#N/A",false,Component,"#N/A",false,false,"#N/A"
cfdf9793-0ccb-49f5-8d27-f53e1bd0dded,"#N/A",USD,"#N/A","#N/A","#N/A",false,false,"#N/A","#N/A","#N/A","#N/A","#N/A",false,false,false,"#N/A","#N/A","#N/A","#N/A",2f7a9af7-50ff-4a65-875d-e3a7f4226227,"#N/A","#N/A","#N/A","#N/A",false,"#N/A",0e0bea06-526a-4052-a886-76c64d01dc56,"#N/A","#N/A",330.0,b3675806-912b-46ee-b8fd-a37d471b3708,false,1.0,"#N/A","#N/A",false,false,"#N/A",false,Component,"#N/A",false,false,"#N/A"
d2207c94-1c52-4561-b447-594a28f7f98f,"#N/A",USD,"#N/A","#N/A","#N/A",false,false,"#N/A","#N/A",240.0,"#N/A","#N/A",false,false,false,"#N/A","#N/A","#N/A","#N/A",99f36127-6c8f-4ccc-b9ea-97bab290bef1,"#N/A","#N/A","#N/A","#N/A",false,"#N/A",467f9b75-e240-4cbd-b6c5-b84023be9d01,"#N/A","#N/A",560.0,15819bad-bacb-4892-bd6b-9e66c54f937b,true,1.0,"#N/A","#N/A",false,false,"#N/A",false,Related Product,"#N/A",false,false,"#N/A"
d281d450-ad3c-4a4e-939f-e0bb6a2f604d,"#N/A",USD,"#N/A","#N/A","#N/A",false,true,"#N/A","#N/A",240.0,"#N/A","#N/A",false,false,false,"#N/A","#N/A","#N/A","#N/A",5bff035a-8034-4fbe-894c-29779f9619c1,"#N/A","#N/A","#N/A","#N/A",false,"#N/A",5c9155bb-3b30-4157-9b49-4c4bef610224,"#N/A","#N/A",410.0,3118eea8-8f14-4fe9-8108-758ffb684b88,false,1.0,Always,"#N/A",false,true,"#N/A",false,Related Product,"#N/A",false,false,"#N/A"
d66e5ca3-5891-4850-8c12-c52983228230,"#N/A",USD,"#N/A","#N/A","#N/A",false,true,"#N/A","#N/A",240.0,"#N/A","#N/A",false,false,false,"#N/A","#N/A","#N/A","#N/A",5bff035a-8034-4fbe-894c-29779f9619c1,"#N/A","#N/A","#N/A","#N/A",false,"#N/A",6e626992-9520-4b26-949e-0e824988621b,"#N/A","#N/A",110.0,0714f848-84b5-4a9e-9953-6bef53d56cd8,true,1.0,Always,"#N/A",false,true,"#N/A",false,Component,"#N/A",false,false,"#N/A"
d797c368-feda-4bc8-b075-c967b8d03b12,"#N/A",USD,"#N/A","#N/A","#N/A",false,false,"#N/A","#N/A",240.0,"#N/A","#N/A",false,false,false,"#N/A","#N/A","#N/A","#N/A",99f36127-6c8f-4ccc-b9ea-97bab290bef1,"#N/A","#N/A","#N/A","#N/A",false,"#N/A",0d11a3dc-3a36-46d7-a953-cb3df24b87ac,"#N/A","#N/A",110.0,0197c8c1-c7c0-4613-b498-3febbde1effe,true,"#N/A","#N/A","#N/A",false,false,"#N/A",true,Related Product,"#N/A",false,false,"#N/A"
d8a16852-8675-4047-b262-469e6bef4790,"#N/A",USD,"#N/A","#N/A","#N/A",false,false,"#N/A","#N/A","#N/A","#N/A","#N/A",false,false,false,"#N/A","#N/A","#N/A","#N/A",da0e5622-6c9a-4548-8ce1-ef9fe8ebf5de,"#N/A","#N/A","#N/A","#N/A",false,"#N/A",0933c8d1-0c43-464b-b713-720ac216310f,"#N/A","#N/A",720.0,d4d547b9-68dc-453c-843b-006fc1a17e6b,false,1.0,"#N/A","#N/A",false,false,"#N/A",false,Related Product,"#N/A",false,false,"#N/A"
da2924fd-97d5-4d48-bf4e-890d66714ccc,"#N/A",USD,"#N/A","#N/A","#N/A",false,true,"#N/A","#N/A",240.0,"#N/A","#N/A",false,false,false,"#N/A","#N/A","#N/A","#N/A",5bff035a-8034-4fbe-894c-29779f9619c1,"#N/A","#N/A","#N/A","#N/A",false,"#N/A",6e626992-9520-4b26-949e-0e824988621b,"#N/A","#N/A",120.0,29072a16-d36f-436b-95c5-41d6fb4cf220,true,1.0,Always,"#N/A",false,false,"#N/A",false,Component,"#N/A",false,false,"#N/A"
da8b6a26-c02b-4822-b625-ee170acb873a,"#N/A",USD,"#N/A","#N/A","#N/A",false,true,"#N/A","#N/A",240.0,"#N/A","#N/A",false,false,false,"#N/A","#N/A","#N/A","#N/A",1234b623-6dc3-41ff-839c-b95e77722972,"#N/A","#N/A","#N/A","#N/A",false,"#N/A",d3d25230-b574-4b74-ab4d-30e738140e66,1.0,1.0,140.0,3a4ddaae-ace2-460d-8c5d-2f8dd2b0333d,false,1.0,"#N/A","#N/A",false,false,"#N/A",false,Component,"#N/A",false,false,"#N/A"
dd2065b3-ec71-4c38-9d2a-6c77b877a314,"#N/A",USD,"#N/A","#N/A","#N/A",false,true,"#N/A","#N/A",240.0,"#N/A",On Selection,true,false,false,"#N/A","#N/A","#N/A","#N/A",5bff035a-8034-4fbe-894c-29779f9619c1,"#N/A","#N/A","#N/A","#N/A",false,"#N/A",74749442-32d7-4606-8492-1d52aa031b02,"#N/A","#N/A",360.0,460a744e-9ee2-41a8-839e-614c3cf29bc4,true,1.0,Always,"#N/A",false,false,"#N/A",false,Component,"#N/A",false,false,"#N/A"
df5f3100-59f6-422e-9aae-179c61f92f94,"#N/A",USD,"#N/A","#N/A","#N/A",false,true,"#N/A","#N/A",240.0,"#N/A","#N/A",false,false,false,"#N/A","#N/A","#N/A","#N/A",5bff035a-8034-4fbe-894c-29779f9619c1,"#N/A","#N/A","#N/A","#N/A",false,"#N/A",1356acef-c0f1-46bd-87ac-fcb4af1f36bb,"#N/A","#N/A",720.0,15fbcac6-1c60-4218-bf20-04262fbf00f3,true,1.0,Always,"#N/A",false,false,"#N/A",false,Component,"#N/A",false,false,"#N/A"
e2877ee1-aff5-4f9b-bdab-d2a668817270,"#N/A",USD,"#N/A","#N/A","#N/A",false,false,"#N/A","#N/A",240.0,"#N/A","#N/A",false,false,false,"#N/A","#N/A","#N/A","#N/A",da0e5622-6c9a-4548-8ce1-ef9fe8ebf5de,"#N/A","#N/A","#N/A","#N/A",false,"#N/A",ae304420-ede6-46eb-9b07-27665735ca1b,"#N/A","#N/A",530.0,03614e34-adc8-473c-88d6-b6d2f79f3cd1,true,1.0,"#N/A","#N/A",false,false,"#N/A",false,Related Product,"#N/A",false,false,"#N/A"
e3071ded-a849-4097-a6e5-19df9293edfa,"#N/A",USD,"#N/A","#N/A","#N/A",false,false,"#N/A","#N/A",240.0,"#N/A","#N/A",false,false,false,"#N/A","#N/A","#N/A","#N/A",99f36127-6c8f-4ccc-b9ea-97bab290bef1,"#N/A","#N/A","#N/A","#N/A",false,"#N/A",0b149a5f-d8c3-47d6-bccf-c6a230509743,"#N/A","#N/A",710.0,befe212c-8410-45c8-a363-a9174317c54f,false,1.0,"#N/A","#N/A",false,false,"#N/A",false,Related Product,"#N/A",false,false,"#N/A"
e43ff969-af6e-494e-a9af-28940a3b183b,"#N/A",USD,Extended Care,"#N/A","#N/A",false,true,"#N/A","#N/A",240.0,Onsite,"#N/A",false,false,false,"#N/A","#N/A","#N/A","#N/A",f874b6e9-5ab5-4b59-8915-2fda91708f27,"#N/A","#N/A","#N/A","#N/A",false,"#N/A",c42aa7c3-fabe-47eb-b0e6-53858e9e79ff,"#N/A",8.0,310.0,f2993e68-c289-4e1d-a8ea-57abb0640c42,true,8.0,"#N/A","#N/A",false,false,"#N/A",false,Related Product,"#N/A",false,false,"#N/A"
e4ad25e7-80e6-45fb-98c1-b71e3db479a5,"#N/A",USD,"#N/A","#N/A","#N/A",false,true,"#N/A","#N/A",240.0,"#N/A",On Selection,true,false,false,"#N/A","#N/A","#N/A","#N/A",5bff035a-8034-4fbe-894c-29779f9619c1,"#N/A","#N/A","#N/A","#N/A",false,"#N/A",74749442-32d7-4606-8492-1d52aa031b02,"#N/A","#N/A",310.0,b1aee63c-96ac-4c99-99f8-1d5306ed8899,true,1.0,Always,"#N/A",false,false,"#N/A",false,Component,"#N/A",false,false,"#N/A"
e528fff7-bf1e-4ef6-a439-7b9f52b1e83c,"#N/A",USD,Extended Care,"#N/A","#N/A",false,true,"#N/A","#N/A",240.0,Onsite,"#N/A",false,false,false,"#N/A","#N/A","#N/A","#N/A",f874b6e9-5ab5-4b59-8915-2fda91708f27,"#N/A","#N/A","#N/A","#N/A",false,"#N/A",c42aa7c3-fabe-47eb-b0e6-53858e9e79ff,"#N/A",2.0,340.0,3114e63a-07e3-46fb-a39d-93590f0b7103,true,8.0,"#N/A","#N/A",false,false,"#N/A",false,Related Product,"#N/A",false,false,"#N/A"
e828b3db-6746-46bd-99b3-17ece0911ac7,"#N/A",USD,"#N/A","#N/A","#N/A",false,true,"#N/A","#N/A","#N/A","#N/A","#N/A",false,false,false,"#N/A","#N/A","#N/A","#N/A",da0e5622-6c9a-4548-8ce1-ef9fe8ebf5de,"#N/A","#N/A","#N/A","#N/A",false,"#N/A",a65bb089-0ead-4045-ad03-3932767af1b4,"#N/A","#N/A",50.0,d0345f3d-2738-4ad0-a3a8-57cc4d519fd8,false,1.0,"#N/A","#N/A",false,true,"#N/A",false,Related Product,"#N/A",false,false,"#N/A"
e8d0fd6b-1f05-48a1-8af9-a6293128d2fc,"#N/A",USD,"#N/A","#N/A","#N/A",false,true,"#N/A","#N/A",240.0,"#N/A","#N/A",false,false,false,"#N/A","#N/A","#N/A","#N/A",1234b623-6dc3-41ff-839c-b95e77722972,"#N/A","#N/A","#N/A","#N/A",false,"#N/A",d3d25230-b574-4b74-ab4d-30e738140e66,1.0,1.0,120.0,70c03227-9d35-47d3-9cbf-c864848c6993,false,1.0,"#N/A","#N/A",false,false,"#N/A",false,Component,"#N/A",false,false,"#N/A"
ec0236b9-3ab5-4db8-bc90-bc11887ed0a2,"#N/A",USD,"#N/A","#N/A","#N/A",false,true,"#N/A","#N/A",240.0,"#N/A","#N/A",false,false,false,"#N/A","#N/A","#N/A","#N/A",5bff035a-8034-4fbe-894c-29779f9619c1,"#N/A","#N/A","#N/A","#N/A",false,"#N/A",702e0fd4-a568-4688-94c5-1878ff6b55ca,1.0,0.0,810.0,5095cc90-e9e0-41b0-a52c-7e5923ec9cae,false,1.0,"#N/A","#N/A",false,true,"#N/A",false,Component,"#N/A",false,false,"#N/A"
ec34e475-dea1-4b20-8a7f-9d98d73c5c03,"#N/A",USD,"#N/A","#N/A","#N/A",false,true,"#N/A","#N/A",240.0,"#N/A","#N/A",false,false,false,"#N/A","#N/A","#N/A","#N/A",5bff035a-8034-4fbe-894c-29779f9619c1,"#N/A","#N/A","#N/A","#N/A",false,"#N/A",6e626992-9520-4b26-949e-0e824988621b,"#N/A","#N/A",130.0,99e8e1be-ac47-4188-99f2-6e8a73fff59f,true,1.0,Always,"#N/A",false,false,"#N/A",false,Component,"#N/A",false,false,"#N/A"
ecfedbe4-e7ec-42e7-98b4-803e2420a78b,"#N/A",USD,"#N/A","#N/A","#N/A",false,true,"#N/A","#N/A",240.0,"#N/A",On Selection,true,false,false,"#N/A","#N/A","#N/A","#N/A",5bff035a-8034-4fbe-894c-29779f9619c1,"#N/A","#N/A","#N/A","#N/A",false,"#N/A",74749442-32d7-4606-8492-1d52aa031b02,"#N/A","#N/A",320.0,428f565d-f194-4e76-99e0-8e9a50823f0d,true,1.0,Always,"#N/A",false,false,"#N/A",false,Component,"#N/A",false,false,"#N/A"
ed834d6e-d184-4863-a3b4-578a49695b37,"#N/A",USD,"#N/A","#N/A","#N/A",false,false,"#N/A","#N/A","#N/A","#N/A","#N/A",false,false,false,"#N/A","#N/A","#N/A","#N/A",da0e5622-6c9a-4548-8ce1-ef9fe8ebf5de,"#N/A","#N/A","#N/A","#N/A",false,"#N/A",3157eeff-4987-4680-a559-69646e0d03fc,"#N/A","#N/A",220.0,f9cf99a9-23e4-40d8-aadf-72013ccf0b7c,true,1.0,"#N/A","#N/A",false,false,"#N/A",false,Related Product,"#N/A",false,false,"#N/A"
f181568b-0acc-41b7-9ce3-8dd696d878eb,"#N/A",USD,"#N/A","#N/A","#N/A",false,true,"#N/A","#N/A",240.0,"#N/A",On Selection,true,false,false,"#N/A","#N/A","#N/A","#N/A",5bff035a-8034-4fbe-894c-29779f9619c1,"#N/A","#N/A","#N/A","#N/A",false,"#N/A",74749442-32d7-4606-8492-1d52aa031b02,"#N/A","#N/A",350.0,c82a6f5f-1c27-4e46-b1dd-2fbaf89b5149,true,1.0,Always,"#N/A",false,false,"#N/A",false,Component,"#N/A",false,false,"#N/A"
f3d330b9-4cac-4e01-9b28-02a4cb4fb43e,"#N/A",USD,"#N/A","#N/A","#N/A",false,false,"#N/A","#N/A","#N/A","#N/A","#N/A",false,false,false,"#N/A","#N/A","#N/A","#N/A",2f7a9af7-50ff-4a65-875d-e3a7f4226227,"#N/A","#N/A","#N/A","#N/A",false,"#N/A",0e0bea06-526a-4052-a886-76c64d01dc56,"#N/A","#N/A",310.0,a6f07a72-e43a-451d-b99a-2bcc4d60e4d0,false,1.0,"#N/A","#N/A",false,false,"#N/A",false,Component,"#N/A",false,false,"#N/A"
f40dc8f7-ad0f-4868-ae9f-ccb6a6017c4b,"#N/A",USD,"#N/A","#N/A","#N/A",false,true,"#N/A","#N/A",240.0,"#N/A","#N/A",false,false,false,"#N/A","#N/A","#N/A","#N/A",1234b623-6dc3-41ff-839c-b95e77722972,"#N/A","#N/A","#N/A","#N/A",false,"#N/A",d3d25230-b574-4b74-ab4d-30e738140e66,1.0,1.0,130.0,30674962-0d68-4dd6-8892-3cf9aa0ab9ba,false,1.0,"#N/A","#N/A",false,false,"#N/A",false,Component,"#N/A",false,false,"#N/A"
f5fd7e3c-df16-40de-9048-fd87f7a74f26,"#N/A",USD,Extended Care,"#N/A","#N/A",false,true,"#N/A","#N/A",240.0,Onsite,"#N/A",false,false,false,"#N/A","#N/A","#N/A","#N/A",240b6896-ed41-4537-9814-97fdff94d435,"#N/A","#N/A","#N/A","#N/A",false,"#N/A",a378f798-2993-4ca7-a83a-d74033bd406f,5.0,"#N/A",230.0,25f2e7d3-fd63-4a68-9d13-fbdb3bb39d49,false,1.0,"#N/A","#N/A",false,false,"#N/A",false,Accessory,"#N/A",false,false,"#N/A"
f93540ca-03d1-4bee-80f9-fd360c3c6a00,"#N/A",USD,Extended Care,"#N/A","#N/A",false,true,"#N/A","#N/A",240.0,Onsite,"#N/A",false,false,false,"#N/A","#N/A","#N/A","#N/A",1b7a20e4-be5c-470d-9e10-b35f917e5d2b,"#N/A","#N/A","#N/A","#N/A",false,"#N/A",bff25516-ac76-4fea-8076-c14d89712142,"#N/A","#N/A",3.0,0a711ea9-d0f9-4088-9af3-602ac9e17d43,true,4.0,"#N/A","#N/A",false,false,"#N/A",false,Related Product,"#N/A",false,false,"#N/A"
f9786f1b-6289-4073-9171-e0c4651666a1,"#N/A",USD,"#N/A","#N/A","#N/A",false,false,"#N/A","#N/A",240.0,"#N/A","#N/A",false,false,false,"#N/A","#N/A","#N/A","#N/A",99f36127-6c8f-4ccc-b9ea-97bab290bef1,"#N/A","#N/A","#N/A","#N/A",false,"#N/A",794ec577-1c10-4cb8-9fa6-b96297c7da2e,"#N/A","#N/A",620.0,1b7a20e4-be5c-470d-9e10-b35f917e5d2b,false,1.0,"#N/A","#N/A",false,false,"#N/A",false,Related Product,"#N/A",false,false,"#N/A"
fc25cb33-5328-453d-aac3-bcc75ba0baff,"#N/A",USD,"#N/A","#N/A","#N/A",false,true,"#N/A","#N/A",240.0,"#N/A","#N/A",false,false,false,"#N/A","#N/A","#N/A","#N/A",5bff035a-8034-4fbe-894c-29779f9619c1,"#N/A","#N/A","#N/A","#N/A",false,"#N/A",fc62d74f-45d6-4313-bfb9-177fde290e86,"#N/A","#N/A",510.0,69ce26ff-c154-49c0-8f63-a8f99943a47c,true,1.0,Always,"#N/A",false,true,"#N/A",false,Component,"#N/A",false,false,"#N/A"
fead7810-ac25-44b4-9c38-6b0d4b5a0373,"#N/A",USD,"#N/A","#N/A","#N/A",false,false,"#N/A","#N/A",666.0,"#N/A","#N/A",false,false,false,"#N/A","#N/A","#N/A","#N/A",da0e5622-6c9a-4548-8ce1-ef9fe8ebf5de,"#N/A","#N/A","#N/A","#N/A",false,"#N/A",3157eeff-4987-4680-a559-69646e0d03fc,"#N/A","#N/A",240.0,ce804259-7043-4699-8dee-6a034c62b6a4,true,1.0,"#N/A","#N/A",false,false,"#N/A",false,Related Product,"#N/A",false,false,"#N/A"
ffd97078-70da-4fb7-adb9-6c3eaf6426fb,"#N/A",USD,"#N/A","#N/A","#N/A",false,false,"#N/A","#N/A","#N/A","#N/A","#N/A",false,false,false,"#N/A","#N/A","#N/A","#N/A",da0e5622-6c9a-4548-8ce1-ef9fe8ebf5de,"#N/A","#N/A","#N/A","#N/A",false,"#N/A",0933c8d1-0c43-464b-b713-720ac216310f,"#N/A","#N/A",700.0,407fc8ba-5e66-41bb-9c0d-edf341b9f382,false,1.0,"#N/A","#N/A",false,true,"#N/A",false,Related Product,"#N/A",false,false,"#N/A"
